{"cameraMode":{"drawMode":0,"name":"Shaded","section":"Shading Mode"},"sceneLighting":true,"audioPlay":false,"sceneViewState":{"m_AlwaysRefresh":false,"showFog":true,"showSkybox":true,"showFlares":true,"showImageEffects":true,"showParticleSystems":true,"showVisualEffectGraphs":true,"m_FxEnabled":true},"in2DMode":false,"pivot":{"x":960.23388671875,"y":467.21929931640627,"z":-30.73033332824707},"rotation":{"x":0.004499978851526976,"y":-0.0014999833656474949,"z":0.000006750054126314353,"w":0.9999881386756897},"size":798.046630859375,"orthographic":true}